role_label,is_freelancer,days_inactive,total_projects,projects_30d,churned
Freelancer,1,102,43,5,0
Freelancer,1,51,33,1,0
Client,0,92,31,3,0
Client,0,14,2,1,0
Freelancer,1,106,2,5,0
Freelancer,1,71,27,4,0
Freelancer,1,60,43,0,1
Client,0,20,14,0,0
Client,0,102,40,4,0
Client,0,82,22,5,0
Client,0,86,39,0,0
Client,0,74,10,0,1
Client,0,74,47,0,0
Client,0,87,31,3,0
Freelancer,1,116,35,3,0
Freelancer,1,99,32,2,0
Client,0,103,23,1,0
Client,0,23,38,4,0
Client,0,2,33,4,0
Freelancer,1,21,27,4,0
Client,0,52,36,2,0
Freelancer,1,1,6,3,0
Freelancer,1,87,3,5,0
Freelancer,1,107,36,5,0
Freelancer,1,29,0,2,0
Freelancer,1,37,0,5,1
Client,0,1,46,4,0
Client,0,63,19,1,0
Freelancer,1,59,18,0,0
Client,0,20,28,3,0
Freelancer,1,32,9,3,0
Freelancer,1,75,17,2,0
Client,0,57,27,3,0
Client,0,21,34,4,0
Client,0,107,42,5,0
Client,0,88,46,4,0
Client,0,48,30,2,0
Freelancer,1,90,26,4,0
Client,0,58,10,5,0
Client,0,41,48,1,0
Client,0,91,48,2,0
Freelancer,1,59,37,1,0
Client,0,79,4,0,1
Freelancer,1,14,7,1,0
Client,0,61,33,0,0
Client,0,61,47,0,0
Freelancer,1,46,11,1,0
Client,0,61,37,2,0
Client,0,50,0,5,0
Freelancer,1,107,30,4,0
Client,0,54,3,4,0
Freelancer,1,115,48,5,0
Freelancer,1,63,44,0,1
Freelancer,1,2,49,0,0
Freelancer,1,100,4,2,0
Freelancer,1,50,29,3,0
Client,0,6,23,1,0
Client,0,20,2,0,1
Client,0,72,10,4,0
Freelancer,1,38,44,2,0
Freelancer,1,17,3,1,0
Freelancer,1,3,25,2,0
Freelancer,1,88,26,1,0
Client,0,59,45,1,0
Client,0,13,42,5,0
Freelancer,1,113,26,0,0
Freelancer,1,8,41,2,0
Client,0,89,49,2,0
Freelancer,1,52,5,5,0
Freelancer,1,1,14,4,0
Freelancer,1,83,29,4,0
Client,0,91,41,0,0
Client,0,110,36,0,0
Freelancer,1,59,36,3,0
Client,0,70,41,5,0
Freelancer,1,43,36,4,0
Freelancer,1,7,34,1,0
Client,0,46,22,2,0
Freelancer,1,34,5,0,1
Freelancer,1,77,3,2,1
Client,0,80,17,2,0
Freelancer,1,35,8,3,0
Freelancer,1,49,48,4,0
Freelancer,1,103,28,0,1
Client,0,3,12,2,0
Freelancer,1,1,46,0,0
Client,0,5,16,1,0
Freelancer,1,53,44,3,0
Freelancer,1,105,31,1,0
Freelancer,1,3,47,0,0
Freelancer,1,53,21,0,1
Client,0,92,3,4,0
Client,0,62,4,2,0
Freelancer,1,17,36,2,0
Freelancer,1,89,40,1,0
Freelancer,1,43,48,3,0
Freelancer,1,33,12,5,0
Freelancer,1,73,33,2,0
Freelancer,1,61,44,4,0
Freelancer,1,99,21,1,0
Freelancer,1,13,22,1,0
Client,0,94,2,5,0
Client,0,47,41,4,0
Client,0,14,33,3,0
Freelancer,1,71,31,4,0
Freelancer,1,77,44,3,0
Freelancer,1,86,48,4,0
Client,0,61,20,4,0
Freelancer,1,39,45,0,0
Client,0,84,43,1,0
Freelancer,1,79,20,4,1
Client,0,108,43,5,0
Client,0,81,10,4,0
Client,0,110,38,2,0
Freelancer,1,52,3,1,0
Client,0,23,0,2,1
Freelancer,1,25,27,1,0
Freelancer,1,88,23,2,0
Freelancer,1,59,34,4,0
Freelancer,1,108,12,4,0
Freelancer,1,40,46,0,0
Client,0,28,33,5,0
Freelancer,1,14,10,2,0
Freelancer,1,44,35,3,0
Freelancer,1,64,16,0,1
Freelancer,1,88,34,2,0
Freelancer,1,70,17,2,1
Client,0,8,39,0,0
Client,0,87,21,4,0
Freelancer,1,0,23,2,0
Client,0,107,18,4,0
Client,0,7,36,0,0
Freelancer,1,87,38,4,0
Client,0,62,20,1,1
Freelancer,1,10,7,3,0
Client,0,114,27,2,0
Client,0,80,4,5,0
Client,0,7,16,3,0
Freelancer,1,34,36,4,0
Client,0,34,35,2,0
Client,0,32,18,4,0
Freelancer,1,4,26,1,0
Freelancer,1,105,33,0,1
Client,0,102,10,2,0
Freelancer,1,40,44,1,0
Client,0,27,46,1,0
Client,0,6,11,2,0
Freelancer,1,72,20,4,0
Freelancer,1,71,10,5,0
Freelancer,1,11,38,1,0
Client,0,33,27,3,0
Freelancer,1,32,4,1,0
Client,0,47,16,5,0
Freelancer,1,118,19,4,0
Client,0,22,40,4,0
Freelancer,1,61,45,3,0
Client,0,87,11,1,0
Freelancer,1,36,5,4,0
Client,0,98,16,5,0
Freelancer,1,43,18,2,0
Freelancer,1,103,25,0,0
Client,0,85,47,0,0
Freelancer,1,90,43,0,0
Client,0,34,43,1,0
Client,0,64,31,3,0
Freelancer,1,98,5,4,1
Client,0,100,35,2,0
Freelancer,1,46,37,5,0
Freelancer,1,77,10,2,0
Client,0,2,32,5,0
Freelancer,1,0,23,1,0
Client,0,4,22,0,0
Client,0,89,14,1,0
Freelancer,1,118,26,3,0
Freelancer,1,13,10,3,0
Client,0,102,49,5,0
Client,0,26,16,4,0
Freelancer,1,8,13,4,0
Freelancer,1,78,26,5,0
Freelancer,1,14,17,3,0
Freelancer,1,89,27,3,0
Client,0,41,46,3,0
Freelancer,1,76,46,1,0
Client,0,50,3,3,0
Client,0,62,6,2,0
Freelancer,1,95,44,0,1
Client,0,102,34,3,0
Freelancer,1,112,47,5,0
Client,0,51,8,0,0
Freelancer,1,95,7,1,0
Client,0,3,44,5,0
Client,0,93,16,0,1
Freelancer,1,100,16,5,0
Freelancer,1,22,48,1,0
Client,0,102,32,2,0
Client,0,108,31,1,0
Freelancer,1,14,7,1,0
Client,0,42,18,5,0
Freelancer,1,28,37,4,0
Client,0,35,2,3,0
Freelancer,1,12,4,3,0
Client,0,31,12,2,0
Freelancer,1,70,46,2,0
Freelancer,1,58,45,3,0
Client,0,114,30,4,0
Freelancer,1,85,15,3,0
Client,0,27,49,4,0
Freelancer,1,65,31,2,0
Freelancer,1,41,21,0,0
Freelancer,1,44,28,5,0
Client,0,61,21,2,0
Freelancer,1,56,42,2,0
Client,0,116,2,1,0
Freelancer,1,5,9,1,0
Client,0,27,41,1,0
Client,0,27,20,5,0
Client,0,107,15,1,0
Freelancer,1,43,11,4,0
Client,0,83,1,3,0
Freelancer,1,29,40,0,0
Client,0,61,23,2,0
Client,0,74,34,4,0
Client,0,118,29,0,0
Client,0,91,29,4,0
Freelancer,1,88,46,4,0
Client,0,102,34,2,0
Client,0,61,18,3,0
Freelancer,1,96,49,1,0
Client,0,0,7,5,0
Client,0,26,25,3,0
Client,0,61,48,5,0
Client,0,115,39,2,0
Freelancer,1,76,6,2,0
Freelancer,1,104,29,2,0
Client,0,2,6,0,0
Freelancer,1,102,2,5,0
Freelancer,1,69,0,3,1
Client,0,71,35,3,0
Freelancer,1,26,24,4,0
Client,0,8,36,4,0
Freelancer,1,61,0,4,1
Freelancer,1,36,14,2,0
Freelancer,1,96,36,3,0
Client,0,50,12,5,0
Freelancer,1,105,39,2,0
Client,0,43,7,0,1
Client,0,23,4,4,0
Freelancer,1,78,8,2,1
Client,0,58,0,2,0
Freelancer,1,117,35,0,0
Client,0,31,34,1,0
Client,0,95,1,3,0
Freelancer,1,87,39,5,0
Freelancer,1,104,22,1,0
Freelancer,1,51,8,4,0
Freelancer,1,112,33,2,0
Client,0,61,45,0,1
Client,0,112,13,0,1
Client,0,57,3,3,0
Freelancer,1,51,29,1,0
Client,0,11,30,3,0
Freelancer,1,38,37,2,0
Client,0,1,10,3,0
Freelancer,1,2,34,5,0
Client,0,112,7,0,1
Client,0,100,2,0,1
Freelancer,1,112,13,4,0
Client,0,55,12,4,0
Freelancer,1,80,44,2,0
Client,0,58,31,5,0
Client,0,112,33,1,0
Freelancer,1,1,44,3,0
Freelancer,1,1,18,2,0
Client,0,91,37,4,0
Client,0,53,15,3,0
Client,0,86,1,4,0
Client,0,100,39,3,0
Client,0,95,16,1,0
Client,0,96,33,2,0
Freelancer,1,0,41,3,0
Freelancer,1,18,15,5,0
Freelancer,1,1,37,0,0
Client,0,52,1,5,0
Client,0,43,1,5,0
Client,0,89,25,0,0
Freelancer,1,31,12,5,0
Freelancer,1,69,46,3,0
Client,0,31,30,3,0
Client,0,118,33,3,0
Freelancer,1,67,38,0,0
Freelancer,1,54,2,5,0
Freelancer,1,74,7,0,0
Client,0,55,22,3,0
Client,0,16,13,5,0
Client,0,37,26,5,0
Freelancer,1,23,28,4,0
Freelancer,1,68,38,4,0
Client,0,115,38,1,0
Client,0,97,0,2,1
Freelancer,1,69,16,4,0
Client,0,85,40,0,0
Freelancer,1,10,29,4,0
Freelancer,1,111,12,1,0
Client,0,15,20,5,0
Freelancer,1,96,18,1,1
Client,0,72,18,5,0
Freelancer,1,58,24,5,0
Freelancer,1,69,21,2,0
Client,0,79,30,4,0
Freelancer,1,92,16,0,1
Client,0,2,22,0,0
Client,0,19,31,3,0
Freelancer,1,58,9,5,0
Client,0,35,9,0,1
Client,0,18,35,2,0
Client,0,89,7,5,0
Client,0,66,19,2,0
Client,0,18,31,0,0
Client,0,19,49,0,0
Freelancer,1,95,13,3,1
Client,0,70,49,0,0
Freelancer,1,51,27,5,0
Freelancer,1,104,45,5,0
Client,0,32,23,5,0
Freelancer,1,39,14,3,0
Freelancer,1,38,21,3,0
Client,0,81,29,0,1
Client,0,103,3,1,0
Client,0,0,12,1,0
Freelancer,1,10,22,3,0
Freelancer,1,91,7,0,0
Client,0,56,17,1,0
Client,0,88,11,0,1
Freelancer,1,49,30,0,0
Freelancer,1,22,13,0,0
Freelancer,1,30,33,4,0
Freelancer,1,93,17,5,0
Client,0,41,33,0,0
Freelancer,1,98,10,4,0
Freelancer,1,6,40,3,0
Freelancer,1,15,11,1,0
Freelancer,1,89,48,5,0
Client,0,111,14,1,0
Client,0,115,30,5,0
Freelancer,1,59,48,1,0
Freelancer,1,112,28,5,0
Client,0,1,25,1,0
Client,0,0,17,1,0
Freelancer,1,47,31,1,0
Freelancer,1,11,21,1,0
Client,0,68,37,3,0
Client,0,36,16,0,0
Client,0,31,22,2,0
Client,0,118,23,4,0
Client,0,8,49,2,0
Client,0,104,7,2,0
Freelancer,1,98,40,5,0
Client,0,18,5,0,0
Client,0,47,4,5,0
Client,0,79,43,0,0
Client,0,2,28,0,0
Freelancer,1,19,27,1,0
Freelancer,1,23,10,3,0
Client,0,53,0,1,1
Freelancer,1,119,42,3,0
Freelancer,1,32,18,5,0
Freelancer,1,23,8,3,0
Freelancer,1,115,26,5,0
Freelancer,1,74,33,2,0
Freelancer,1,112,43,2,0
Client,0,71,3,3,0
Client,0,35,35,3,0
Client,0,37,17,5,0
Client,0,103,14,1,0
Client,0,83,12,5,0
Freelancer,1,98,18,1,0
Client,0,111,48,2,0
Client,0,88,5,0,1
Freelancer,1,98,47,3,0
Freelancer,1,24,11,1,0
Client,0,92,36,5,0
Freelancer,1,17,16,2,0
Freelancer,1,109,22,1,0
Freelancer,1,81,25,5,0
Freelancer,1,65,28,3,0
Client,0,53,32,3,0
Freelancer,1,34,26,4,0
Client,0,79,24,0,0
Client,0,60,9,4,0
Freelancer,1,40,46,2,0
Freelancer,1,99,22,1,0
Freelancer,1,32,20,2,0
Client,0,67,20,5,1
Freelancer,1,32,42,3,0
Freelancer,1,13,12,4,0
Freelancer,1,20,36,4,0
Freelancer,1,47,32,4,0
Freelancer,1,19,23,2,0
Client,0,119,43,3,0
Freelancer,1,7,10,1,0
Freelancer,1,6,16,5,0
Freelancer,1,66,3,1,0
Client,0,16,46,2,0
Freelancer,1,32,24,5,0
Client,0,47,29,4,0
Client,0,75,8,0,1
Freelancer,1,58,20,2,0
Freelancer,1,114,19,2,0
Freelancer,1,85,18,3,0
Client,0,118,18,1,0
Client,0,21,11,2,0
Client,0,109,36,2,0
Client,0,29,41,4,0
Client,0,37,16,4,0
Client,0,101,36,5,0
Freelancer,1,108,47,0,0
Freelancer,1,50,38,3,0
Client,0,53,27,0,0
Freelancer,1,7,40,5,0
Freelancer,1,26,34,4,0
Client,0,26,46,1,0
Client,0,97,47,4,0
Freelancer,1,20,17,3,0
Client,0,29,13,4,0
Client,0,96,34,3,0
Freelancer,1,27,43,3,0
Client,0,110,40,3,0
Freelancer,1,63,6,5,0
Freelancer,1,96,40,3,0
Freelancer,1,68,12,3,0
Freelancer,1,60,17,1,0
Freelancer,1,47,36,0,0
Client,0,18,12,2,0
Client,0,3,35,0,0
Client,0,34,30,3,0
Client,0,63,1,1,1
Freelancer,1,48,15,4,0
Freelancer,1,16,8,1,0
Client,0,43,8,3,0
Freelancer,1,91,37,1,0
Client,0,29,10,1,0
Client,0,92,21,3,0
Client,0,45,32,5,0
Freelancer,1,116,35,1,0
Freelancer,1,5,44,2,0
Freelancer,1,98,22,2,0
Freelancer,1,104,44,1,0
Client,0,36,44,5,0
Freelancer,1,23,33,4,0
Freelancer,1,92,8,3,0
Freelancer,1,112,23,2,0
Client,0,45,7,4,0
Client,0,52,6,1,0
Freelancer,1,94,35,4,0
Freelancer,1,98,17,0,1
Freelancer,1,59,2,2,0
Freelancer,1,96,27,1,0
Client,0,115,5,3,0
Freelancer,1,62,43,5,0
Freelancer,1,84,43,1,0
Freelancer,1,31,20,3,0
Client,0,86,27,5,0
Client,0,32,39,5,0
Freelancer,1,66,0,1,0
Freelancer,1,17,35,4,0
Freelancer,1,24,20,4,0
Freelancer,1,105,42,5,0
Freelancer,1,94,34,4,0
Client,0,53,12,0,0
Client,0,57,48,5,0
Client,0,66,9,5,0
Freelancer,1,103,43,3,0
Client,0,45,46,4,0
Client,0,23,9,5,0
Client,0,113,45,0,0
Freelancer,1,31,12,3,0
Freelancer,1,46,36,1,0
Client,0,85,37,5,0
Freelancer,1,22,23,0,0
Client,0,65,1,2,0
Client,0,26,21,0,0
Client,0,105,16,0,0
Client,0,1,35,3,0
Freelancer,1,89,13,1,0
Freelancer,1,16,9,2,0
Freelancer,1,103,34,4,0
Freelancer,1,32,24,4,0
Client,0,8,2,0,0
Freelancer,1,42,46,3,0
Client,0,117,37,3,0
Freelancer,1,47,16,4,0
Freelancer,1,38,11,2,0
Freelancer,1,92,23,1,0
Client,0,41,28,2,0
Client,0,118,42,5,0
Client,0,25,24,5,0
Client,0,98,35,1,0
Freelancer,1,49,25,4,0
Client,0,24,37,1,0
Client,0,23,0,3,0
Freelancer,1,12,19,5,0
Freelancer,1,59,27,0,0
Client,0,6,15,0,0
Freelancer,1,56,46,4,0
Client,0,35,16,3,0
Freelancer,1,44,39,2,0
Client,0,19,27,3,0
Client,0,64,11,0,0
Client,0,7,26,0,0
Client,0,109,41,5,0
Client,0,15,46,3,0
Freelancer,1,13,29,3,0
Client,0,75,40,0,1
Client,0,114,33,2,0
Client,0,86,36,4,0
Client,0,14,5,4,0
Client,0,91,6,3,0
Freelancer,1,97,31,4,0
Freelancer,1,65,31,0,0
Client,0,31,24,0,0
Freelancer,1,86,32,3,0
Client,0,62,6,3,0
Freelancer,1,85,11,5,0
Freelancer,1,50,15,3,0
Client,0,24,15,2,0
Freelancer,1,57,42,4,0
Freelancer,1,62,35,3,0
Client,0,61,12,1,0
Client,0,21,6,5,0
Freelancer,1,57,35,1,0
Freelancer,1,57,46,0,1
Freelancer,1,85,8,4,0
Client,0,48,31,3,0
Freelancer,1,51,10,1,0
Freelancer,1,41,7,4,0
Freelancer,1,69,32,0,0
Client,0,14,22,2,0
Client,0,53,24,5,0
Client,0,106,7,4,0
Client,0,59,44,4,0
Freelancer,1,100,21,2,0
Client,0,96,3,4,0
Freelancer,1,7,39,0,0
Freelancer,1,52,2,0,0
Freelancer,1,59,28,2,0
Freelancer,1,107,40,5,0
Client,0,107,28,3,0
Client,0,4,33,1,0
Client,0,102,33,3,0
Client,0,67,27,4,0
Client,0,5,12,1,0
Freelancer,1,108,14,2,1
Client,0,95,22,2,0
Client,0,115,43,5,0
Client,0,93,25,1,0
Client,0,46,3,0,0
Freelancer,1,98,25,1,0
Freelancer,1,54,39,4,0
Freelancer,1,39,8,0,0
Freelancer,1,51,4,2,0
Freelancer,1,15,31,1,0
Client,0,12,19,3,0
Freelancer,1,113,49,5,0
Freelancer,1,105,10,3,0
Freelancer,1,29,14,5,0
Client,0,18,31,4,0
Client,0,16,27,3,0
Freelancer,1,119,21,1,0
Client,0,62,40,1,0
Client,0,18,16,3,0
Freelancer,1,91,25,1,0
Client,0,57,43,4,0
Client,0,54,6,0,0
Client,0,89,41,4,0
Freelancer,1,100,25,5,0
Freelancer,1,89,24,4,0
Freelancer,1,116,9,5,0
Client,0,61,44,1,0
Freelancer,1,22,18,0,1
Client,0,8,10,1,0
Client,0,11,12,2,0
Client,0,116,7,1,0
Freelancer,1,0,39,5,0
Freelancer,1,57,3,1,0
Freelancer,1,0,46,1,0
Freelancer,1,110,30,0,1
Client,0,33,27,1,0
Freelancer,1,95,10,0,1
Client,0,117,42,3,0
Freelancer,1,47,0,2,1
Freelancer,1,88,48,0,0
Freelancer,1,103,46,5,0
Client,0,108,37,3,0
Client,0,116,23,0,0
Client,0,0,46,0,0
Client,0,15,30,2,0
Client,0,60,40,5,0
Freelancer,1,102,45,4,0
Client,0,63,49,4,0
Client,0,62,25,0,0
Client,0,68,48,1,0
Client,0,21,49,5,0
Freelancer,1,92,4,3,1
Client,0,118,19,1,0
Freelancer,1,66,40,1,0
Freelancer,1,75,10,5,0
Freelancer,1,25,32,0,0
Client,0,15,49,0,0
Freelancer,1,50,37,0,0
Client,0,100,26,0,1
Client,0,85,33,4,0
Client,0,56,14,0,0
Client,0,28,31,4,0
Client,0,77,20,4,0
Freelancer,1,91,45,0,0
Freelancer,1,68,4,2,0
Client,0,46,5,3,0
Freelancer,1,112,37,1,0
Client,0,93,21,4,0
Freelancer,1,109,17,5,0
Freelancer,1,61,13,5,0
Freelancer,1,115,9,3,0
Freelancer,1,68,45,5,0
Freelancer,1,75,12,2,0
Client,0,15,30,5,0
Client,0,89,29,1,0
Freelancer,1,89,2,1,0
Client,0,47,29,4,0
Freelancer,1,84,5,0,1
Client,0,38,28,2,0
Freelancer,1,99,7,4,0
Freelancer,1,32,43,2,0
Freelancer,1,93,44,0,1
Client,0,100,42,5,0
Client,0,22,43,5,0
Freelancer,1,9,32,0,0
Freelancer,1,117,16,4,1
Client,0,68,47,0,1
Client,0,99,10,3,0
Client,0,33,12,1,0
Client,0,51,49,4,0
Client,0,94,10,2,1
Freelancer,1,9,30,3,0
Client,0,18,27,4,0
Freelancer,1,57,43,0,0
Freelancer,1,95,5,0,1
Client,0,0,40,0,0
Client,0,119,15,0,0
Freelancer,1,68,3,2,0
Client,0,108,34,3,0
Freelancer,1,3,47,5,0
Client,0,15,25,1,0
Client,0,23,11,2,0
Client,0,79,10,2,0
Freelancer,1,118,36,5,0
Client,0,1,24,5,0
Freelancer,1,112,17,1,0
Client,0,91,18,1,0
Freelancer,1,31,22,5,0
Client,0,90,37,0,1
Freelancer,1,83,17,2,0
Freelancer,1,23,25,4,0
Freelancer,1,11,5,1,0
Freelancer,1,49,3,1,0
Freelancer,1,34,43,5,0
Freelancer,1,32,28,3,0
Client,0,32,33,4,0
Freelancer,1,60,16,4,0
Freelancer,1,50,42,1,0
Freelancer,1,42,42,0,0
Client,0,100,15,3,0
Client,0,11,1,4,0
Client,0,66,33,1,0
Freelancer,1,64,7,4,0
Client,0,32,12,3,0
Client,0,39,41,3,0
Freelancer,1,73,7,2,0
Freelancer,1,42,29,5,0
Client,0,43,31,5,0
Freelancer,1,28,35,1,0
Freelancer,1,12,46,3,0
Freelancer,1,11,29,2,0
Freelancer,1,94,0,2,0
Client,0,45,42,4,0
Freelancer,1,1,38,4,0
Client,0,114,16,2,0
Client,0,113,19,4,0
Client,0,34,23,3,0
Client,0,86,49,0,0
Freelancer,1,80,21,3,0
Freelancer,1,89,28,2,0
Freelancer,1,7,21,2,0
Client,0,92,43,3,0
Client,0,25,8,4,0
Client,0,73,36,4,0
Freelancer,1,89,9,5,0
Client,0,33,35,2,0
Freelancer,1,114,36,1,0
Freelancer,1,104,27,5,0
Freelancer,1,6,27,4,0
Freelancer,1,67,41,3,0
Client,0,57,42,4,0
Freelancer,1,116,20,3,0
Client,0,113,23,5,0
Freelancer,1,108,41,2,0
Client,0,74,39,4,0
Client,0,28,1,3,0
Freelancer,1,119,7,2,0
Freelancer,1,35,47,1,0
Freelancer,1,88,26,3,0
Client,0,20,21,5,0
Freelancer,1,35,36,1,0
Freelancer,1,9,26,1,0
Client,0,100,28,0,1
Freelancer,1,72,2,4,0
Client,0,23,43,3,0
Freelancer,1,63,12,1,1
Client,0,98,44,0,1
Client,0,48,9,5,0
Freelancer,1,98,35,2,0
Client,0,111,8,3,0
Freelancer,1,35,26,1,0
Freelancer,1,81,33,4,0
Client,0,112,0,0,1
Freelancer,1,102,31,1,0
Client,0,95,24,4,0
Client,0,23,28,1,0
Client,0,22,6,3,0
Client,0,61,48,3,0
Client,0,95,2,3,1
Client,0,36,19,5,0
Client,0,11,19,5,0
Client,0,112,29,0,0
Freelancer,1,54,34,3,0
Freelancer,1,12,34,4,0
Client,0,22,48,1,0
Freelancer,1,88,38,2,0
Freelancer,1,98,26,4,0
Freelancer,1,104,25,5,0
Freelancer,1,29,13,5,0
Freelancer,1,16,16,4,0
Freelancer,1,112,17,5,0
Client,0,61,44,3,0
Freelancer,1,83,28,0,0
Freelancer,1,111,19,1,0
Freelancer,1,88,26,0,0
Freelancer,1,85,17,1,1
Client,0,12,3,1,0
Client,0,58,0,0,1
Client,0,18,49,4,0
Client,0,48,0,1,1
Freelancer,1,99,25,0,0
Client,0,11,44,1,0
Client,0,60,19,2,0
Client,0,104,22,4,0
Client,0,18,9,3,0
Freelancer,1,75,10,1,0
Client,0,8,40,2,0
Freelancer,1,70,40,3,0
Client,0,27,4,3,0
Freelancer,1,77,0,1,1
Freelancer,1,94,16,0,0
Client,0,51,21,1,0
Client,0,82,33,2,0
Client,0,110,44,3,0
Client,0,15,40,1,0
Freelancer,1,116,28,0,0
Freelancer,1,68,3,1,1
Client,0,98,4,4,0
Client,0,11,10,0,0
Freelancer,1,24,20,2,0
Client,0,51,34,3,0
Freelancer,1,84,11,1,0
Client,0,99,25,0,0
Freelancer,1,52,18,4,0
Freelancer,1,22,44,0,0
Freelancer,1,15,6,5,0
Freelancer,1,56,46,4,0
Freelancer,1,38,6,2,0
Client,0,108,25,3,0
Freelancer,1,52,39,2,0
Client,0,41,4,1,0
Freelancer,1,57,20,0,1
Freelancer,1,38,13,5,0
Client,0,13,3,4,0
Client,0,94,22,4,0
Client,0,4,41,0,0
Client,0,34,19,5,0
Freelancer,1,86,14,0,1
Client,0,92,49,1,0
Freelancer,1,106,44,2,0
Client,0,74,28,4,0
Client,0,17,7,1,0
Freelancer,1,110,40,2,0
Freelancer,1,75,47,1,0
Client,0,8,18,5,0
Freelancer,1,73,47,4,0
Freelancer,1,57,38,0,0
Freelancer,1,107,45,0,0
Freelancer,1,16,27,2,0
Freelancer,1,101,45,3,0
Freelancer,1,6,26,5,0
Freelancer,1,45,3,2,0
Freelancer,1,12,14,3,0
Client,0,39,34,1,0
Freelancer,1,41,36,5,0
Client,0,8,0,1,0
Freelancer,1,49,2,4,0
Freelancer,1,26,46,5,0
Freelancer,1,65,23,3,0
Freelancer,1,4,26,4,0
Client,0,28,39,0,0
Client,0,36,35,3,0
Freelancer,1,37,33,2,0
Client,0,82,28,0,0
Freelancer,1,7,23,0,0
Freelancer,1,111,23,2,0
Client,0,108,41,5,0
Client,0,64,3,0,1
Freelancer,1,85,2,3,0
Freelancer,1,115,33,4,0
Client,0,16,48,0,0
Freelancer,1,70,22,3,0
Client,0,88,22,1,0
Freelancer,1,44,44,3,0
Freelancer,1,3,4,4,0
Client,0,35,30,3,0
Client,0,69,40,2,0
Client,0,30,5,4,0
Freelancer,1,18,36,5,0
Freelancer,1,60,9,1,0
Freelancer,1,107,39,2,0
Freelancer,1,53,6,5,0
Client,0,38,38,3,0
Freelancer,1,90,37,4,0
Freelancer,1,73,20,1,1
Freelancer,1,89,19,2,1
Client,0,18,2,5,0
Freelancer,1,38,21,5,0
Freelancer,1,66,46,1,0
Client,0,44,3,3,0
Freelancer,1,12,27,1,0
Freelancer,1,113,11,5,0
Client,0,91,37,0,1
Freelancer,1,57,35,2,0
Freelancer,1,19,46,1,0
Freelancer,1,91,40,5,0
Client,0,71,4,3,0
Freelancer,1,60,12,5,0
Freelancer,1,104,22,3,0
Client,0,38,49,1,0
Client,0,0,29,3,0
Freelancer,1,2,36,4,0
Freelancer,1,76,24,4,0
Freelancer,1,91,47,4,0
Freelancer,1,61,26,0,0
Client,0,62,13,1,0
Freelancer,1,112,47,5,0
Client,0,24,46,5,0
Client,0,55,35,0,0
Freelancer,1,32,38,3,0
Freelancer,1,37,15,0,1
Client,0,116,21,3,0
Client,0,5,20,3,0
Freelancer,1,57,20,2,0
Client,0,43,7,5,0
Freelancer,1,44,48,4,0
Freelancer,1,31,15,3,0
Client,0,44,30,2,0
Client,0,60,41,5,0
Freelancer,1,46,9,4,0
Client,0,20,31,3,0
Freelancer,1,79,33,3,0
Freelancer,1,117,8,0,1
Freelancer,1,84,16,0,1
Client,0,74,10,5,0
Freelancer,1,100,31,4,0
Freelancer,1,35,9,3,0
Freelancer,1,98,21,5,0
Freelancer,1,18,16,5,0
Freelancer,1,19,3,1,0
Freelancer,1,56,47,0,0
Freelancer,1,17,46,4,0
Freelancer,1,46,24,3,0
Freelancer,1,104,20,5,0
Freelancer,1,48,36,3,0
Freelancer,1,13,37,1,0
Client,0,14,48,4,0
Freelancer,1,30,0,5,1
Freelancer,1,0,24,3,0
Freelancer,1,116,35,0,1
Client,0,53,16,1,0
Freelancer,1,117,40,4,0
Client,0,2,23,1,0
Freelancer,1,15,1,0,1
Freelancer,1,86,39,4,0
Client,0,56,14,1,0
Freelancer,1,74,31,2,0
Client,0,11,38,0,0
Client,0,73,5,0,1
Freelancer,1,95,0,0,1
Freelancer,1,15,46,2,0
Freelancer,1,71,22,2,0
Freelancer,1,101,38,3,0
Client,0,75,16,5,0
Client,0,23,33,1,0
Freelancer,1,27,40,3,0
Client,0,116,28,1,0
Client,0,7,8,5,0
Freelancer,1,91,12,2,0
Client,0,35,5,5,0
Client,0,89,5,2,0
Freelancer,1,7,19,5,0
Client,0,57,2,3,0
Freelancer,1,59,16,4,0
Client,0,49,48,3,0
Freelancer,1,27,11,1,0
Client,0,91,47,3,0
Client,0,100,46,0,0
Freelancer,1,40,44,1,0
Freelancer,1,99,0,5,1
Freelancer,1,63,16,1,0
Freelancer,1,26,2,4,0
Client,0,117,25,2,0
Client,0,62,14,5,0
Client,0,16,35,1,0
Freelancer,1,72,31,5,0
Client,0,32,31,5,0
Client,0,116,3,5,0
Freelancer,1,83,17,2,0
Freelancer,1,76,48,3,0
Client,0,91,18,5,1
Freelancer,1,111,42,0,0
Client,0,28,34,4,0
Client,0,12,39,2,0
Freelancer,1,45,13,1,0
Client,0,34,32,2,0
Freelancer,1,5,13,1,0
Freelancer,1,81,33,2,0
Client,0,114,3,1,0
Client,0,68,23,5,0
Client,0,46,28,3,0
Freelancer,1,24,18,1,0
Client,0,65,5,1,0
Freelancer,1,9,32,0,0
Freelancer,1,55,48,1,0
Client,0,29,39,0,0
Freelancer,1,113,18,4,0
Client,0,108,0,5,1
Client,0,4,4,0,0
Client,0,118,26,3,0
Client,0,119,15,5,0
Client,0,32,5,0,0
Client,0,117,39,5,0
Client,0,64,12,5,0
Freelancer,1,17,47,5,0
Client,0,95,34,4,0
Freelancer,1,110,18,3,0
Freelancer,1,48,11,2,0
Freelancer,1,10,15,2,0
Client,0,84,42,0,1
Freelancer,1,25,9,5,0
Freelancer,1,62,24,0,0
Client,0,88,19,4,0
Client,0,85,30,4,0
Freelancer,1,58,3,1,0
Client,0,26,43,4,0
Client,0,48,22,1,0
Client,0,76,1,3,0
Client,0,32,21,0,0
Freelancer,1,97,36,3,0
Client,0,104,7,4,0
Client,0,98,6,3,0
Client,0,0,13,3,0
Freelancer,1,20,2,3,0
Freelancer,1,111,49,4,0
Client,0,54,15,5,0
Client,0,5,18,3,0
Freelancer,1,91,17,1,0
Client,0,80,15,4,0
Client,0,68,7,3,0
Freelancer,1,94,32,5,0
Client,0,4,48,4,0
Client,0,101,11,2,0
Freelancer,1,2,10,5,0
Freelancer,1,52,4,1,0
Client,0,22,26,3,0
Freelancer,1,100,11,2,0
Client,0,52,16,2,0
Client,0,36,5,4,0
Client,0,73,32,2,0
Freelancer,1,73,4,1,0
Freelancer,1,82,27,1,0
Client,0,16,13,0,0
Client,0,84,4,1,1
Freelancer,1,77,32,5,0
Freelancer,1,72,49,2,0
Freelancer,1,109,47,1,0
Client,0,0,40,4,0
Freelancer,1,50,18,0,0
Freelancer,1,44,21,2,0
Client,0,76,4,0,1
Client,0,3,1,2,0
Client,0,61,29,4,0
Freelancer,1,64,46,0,0
Client,0,112,38,3,0
Client,0,103,3,5,1
Client,0,31,32,5,0
Client,0,33,12,2,0
Freelancer,1,91,19,3,0
Client,0,94,6,0,1
Freelancer,1,71,14,3,1
Freelancer,1,38,22,3,0
Freelancer,1,25,13,0,0
Client,0,33,22,4,0
Freelancer,1,53,18,3,0
Client,0,117,28,3,0
Client,0,2,19,4,0
Client,0,49,28,3,0
Freelancer,1,11,23,3,0
Client,0,64,17,3,0
Client,0,53,9,5,0
Client,0,107,40,1,0
Freelancer,1,4,7,4,0
Freelancer,1,93,25,3,0
Freelancer,1,93,28,5,0
Client,0,56,9,4,0
Freelancer,1,16,16,2,0
Client,0,111,1,2,1
Client,0,46,5,3,0
Freelancer,1,22,4,5,0
Client,0,78,27,5,0
Freelancer,1,100,40,4,0
Client,0,84,4,4,1
Freelancer,1,13,17,5,0
Client,0,65,25,4,0
Client,0,74,19,5,0
Client,0,50,40,1,0
Client,0,102,48,5,0
Client,0,37,26,2,0
Freelancer,1,63,48,4,0
Client,0,97,11,5,0
Freelancer,1,37,6,5,0
Freelancer,1,49,2,4,0
Freelancer,1,97,9,1,0
Client,0,81,33,1,0
Client,0,29,24,4,0
Client,0,78,34,0,0
Freelancer,1,90,15,4,0
Client,0,50,1,4,0
Client,0,62,23,1,0
Freelancer,1,97,9,1,0
Freelancer,1,51,37,4,0
Freelancer,1,37,21,4,0
Freelancer,1,96,25,4,0
Freelancer,1,87,42,1,0
Freelancer,1,78,38,4,0
Client,0,29,26,4,0
Freelancer,1,118,28,3,0
Client,0,105,46,0,1
Client,0,50,37,2,0
Client,0,80,19,0,1
Freelancer,1,4,26,3,0
Client,0,28,40,2,0
Freelancer,1,3,19,4,0
Freelancer,1,9,43,3,0
Client,0,55,18,4,0
Freelancer,1,16,19,1,0
Client,0,73,34,5,0
Client,0,16,46,3,0
Freelancer,1,83,1,1,0
Client,0,87,29,3,0
Client,0,68,33,3,0
Client,0,33,21,1,0
Freelancer,1,5,2,2,0
Client,0,52,5,0,1
Freelancer,1,65,14,4,0
Freelancer,1,76,26,3,0
Client,0,106,9,4,1
Client,0,42,8,5,0
Freelancer,1,111,32,1,0
Freelancer,1,74,31,4,0
Client,0,114,47,1,0
Client,0,110,5,4,0
Freelancer,1,22,40,0,0
Freelancer,1,54,35,0,1
Freelancer,1,79,1,0,0
Freelancer,1,94,28,0,0
Freelancer,1,74,3,0,0
Client,0,117,0,0,1
Freelancer,1,15,18,1,0
Freelancer,1,7,25,3,0
Client,0,3,24,4,0
Client,0,103,9,0,0
Freelancer,1,3,14,1,0
Freelancer,1,55,21,1,0
Client,0,24,47,1,0
Freelancer,1,66,20,3,0
Freelancer,1,95,21,4,0
Client,0,66,35,3,0
Freelancer,1,26,33,2,0
Client,0,92,29,1,0
Client,0,31,24,2,0
Client,0,49,44,5,0
Client,0,60,27,0,0
Freelancer,1,50,0,0,1
Client,0,18,48,3,0
Freelancer,1,20,44,4,0
Freelancer,1,4,3,2,0
Freelancer,1,81,6,4,1
Freelancer,1,91,48,3,0
Freelancer,1,41,8,0,1
Client,0,60,35,4,0
Client,0,21,18,4,0
Client,0,20,0,0,1
Client,0,69,9,2,0
Freelancer,1,0,35,0,0
Client,0,4,8,4,0
Freelancer,1,104,44,2,0
Freelancer,1,11,45,2,0
Client,0,89,41,0,0
Client,0,45,31,4,0
Client,0,33,31,3,0
Client,0,48,5,4,0
Freelancer,1,77,47,1,0
Freelancer,1,89,37,5,0
Client,0,44,16,3,0
Freelancer,1,26,9,2,0
Freelancer,1,72,49,3,0
Freelancer,1,25,26,2,0
Client,0,46,49,2,0
Freelancer,1,85,34,3,0
Client,0,110,20,2,0
Client,0,55,24,2,0
Freelancer,1,93,27,1,0
Freelancer,1,106,46,4,0
Client,0,62,14,4,0
Freelancer,1,47,3,5,0
Freelancer,1,60,28,5,0
Client,0,80,8,1,0
Client,0,25,26,5,0
Client,0,35,25,3,0
Client,0,0,18,0,0
Freelancer,1,7,27,0,0
Freelancer,1,112,16,0,0
Client,0,98,42,1,0
Client,0,51,40,1,0
Client,0,78,41,2,0
Freelancer,1,46,49,0,0
Client,0,55,19,3,0
Freelancer,1,85,44,5,0
Client,0,13,39,3,0
Client,0,89,38,5,0
Client,0,27,48,0,0
Freelancer,1,86,22,0,1
Freelancer,1,77,46,0,0
Freelancer,1,87,31,1,0
Client,0,1,46,5,0
Freelancer,1,108,32,1,0
Freelancer,1,25,45,1,0
Client,0,13,4,4,0
Client,0,58,42,3,0
Freelancer,1,55,47,3,0
Freelancer,1,114,33,2,0
Freelancer,1,6,39,1,0
Freelancer,1,2,10,5,0
Client,0,110,49,4,0
Client,0,22,2,4,0
Client,0,109,32,3,0
Freelancer,1,106,10,1,0
Freelancer,1,110,15,2,0
Client,0,108,17,1,0
Client,0,17,29,0,0
Freelancer,1,37,47,1,0
Freelancer,1,98,9,0,1
Client,0,114,17,0,0
Client,0,14,37,2,0
Client,0,63,18,5,1
Freelancer,1,88,35,3,0
Freelancer,1,118,12,1,0
Freelancer,1,100,45,0,0
Freelancer,1,27,2,1,0
Freelancer,1,73,9,5,0
Freelancer,1,38,37,3,0
Client,0,56,0,5,0
Client,0,16,26,3,0
Freelancer,1,102,45,4,0
Client,0,85,7,3,0
Freelancer,1,89,45,2,0
Client,0,43,41,5,0
Freelancer,1,24,16,0,0
Client,0,16,8,4,0
Client,0,12,5,2,0
Freelancer,1,83,42,1,0
Freelancer,1,24,24,5,0
Client,0,67,38,0,0
Client,0,9,48,3,0
Freelancer,1,66,27,0,1
Client,0,104,32,1,0
Freelancer,1,108,36,4,0
Freelancer,1,17,8,4,0
Client,0,110,17,5,0
Freelancer,1,99,20,4,0
Client,0,110,1,5,0
Client,0,85,42,5,0
Freelancer,1,33,37,5,0
Client,0,110,39,3,0
Freelancer,1,7,35,2,0
Freelancer,1,39,49,5,0
Freelancer,1,112,42,5,0
Client,0,107,36,2,0
Freelancer,1,82,14,0,0
Client,0,41,27,5,0
Freelancer,1,40,17,3,0
Freelancer,1,100,33,4,0
Freelancer,1,5,21,4,0
Client,0,51,10,1,0
Client,0,25,12,1,0
Freelancer,1,63,3,4,0
Freelancer,1,97,21,4,0
Client,0,58,6,3,0
Client,0,55,42,2,0
Client,0,58,23,1,0
Freelancer,1,108,3,2,0
Client,0,69,27,3,0
Freelancer,1,100,14,4,0
Client,0,32,0,5,0
Freelancer,1,52,2,2,0
Freelancer,1,21,13,4,0
Freelancer,1,20,37,4,0
Client,0,69,49,0,0
Client,0,69,0,2,0
Client,0,118,37,5,0
Freelancer,1,111,37,2,0
Freelancer,1,3,20,4,0
Client,0,93,47,5,0
Freelancer,1,74,28,3,0
Freelancer,1,61,4,0,1
Freelancer,1,61,48,4,0
Client,0,93,9,1,0
Freelancer,1,94,27,1,0
Client,0,23,20,0,0
Client,0,54,49,3,0
Client,0,8,6,4,0
Client,0,118,2,2,0
Client,0,2,44,0,0
Freelancer,1,114,46,3,0
Client,0,30,19,2,0
Client,0,39,18,1,0
Client,0,100,34,1,0
Freelancer,1,35,3,2,0
Freelancer,1,23,4,0,0
Freelancer,1,94,0,1,1
Freelancer,1,5,3,4,0
Client,0,65,11,5,0
Client,0,83,26,2,0
Freelancer,1,91,41,2,0
Freelancer,1,74,22,1,0
Freelancer,1,3,24,0,0
Freelancer,1,78,20,4,0
Client,0,5,23,0,0
Freelancer,1,117,24,3,0
Freelancer,1,112,44,3,0
Freelancer,1,93,45,5,0
Freelancer,1,119,31,1,0
Freelancer,1,101,31,1,0
Freelancer,1,50,4,1,0
Freelancer,1,61,35,5,0
Client,0,56,45,3,0
Client,0,65,41,0,0
Client,0,78,48,5,0
Client,0,74,41,5,0
Client,0,7,38,0,0
Client,0,25,15,1,0
Freelancer,1,50,32,4,0
Freelancer,1,44,48,0,0
Client,0,43,20,3,0
Freelancer,1,4,8,2,0
Client,0,69,5,2,0
Freelancer,1,25,44,5,0
Freelancer,1,117,34,2,0
Freelancer,1,67,38,4,0
Freelancer,1,18,21,1,0
Freelancer,1,83,40,3,0
Freelancer,1,96,4,4,0
Client,0,19,41,3,0
Client,0,112,22,3,0
Freelancer,1,11,16,1,0
Client,0,46,11,5,0
Freelancer,1,0,22,2,0
Client,0,89,15,1,1
Freelancer,1,13,2,4,0
Client,0,63,29,5,0
Freelancer,1,37,21,4,0
Client,0,36,8,5,0
Freelancer,1,10,28,4,0
Client,0,99,46,1,0
Freelancer,1,76,36,5,0
Freelancer,1,106,22,5,0
Freelancer,1,2,12,3,0
Client,0,32,31,3,0
Client,0,5,45,0,0
Client,0,49,46,4,0
Freelancer,1,119,47,3,0
Client,0,9,22,0,0
Freelancer,1,4,44,3,0
Client,0,22,16,4,0
Client,0,9,39,5,0
Client,0,43,20,2,0
Client,0,1,1,4,0
Freelancer,1,12,36,1,0
Client,0,39,5,3,0
Client,0,1,43,3,0
Freelancer,1,83,17,5,0
Freelancer,1,64,29,1,0
Client,0,62,21,5,0
Client,0,100,32,1,0
Freelancer,1,72,29,2,0
Freelancer,1,16,16,3,0
Freelancer,1,8,42,3,0
Client,0,74,31,2,0
Client,0,14,41,0,0
Client,0,23,13,5,0
Freelancer,1,37,9,2,0
Freelancer,1,118,46,5,0
Freelancer,1,34,35,4,0
Client,0,93,33,3,0
Freelancer,1,94,8,5,0
Client,0,48,41,1,0
Freelancer,1,68,27,5,0
Client,0,61,10,4,0
Client,0,59,13,3,0
Freelancer,1,107,38,2,0
Client,0,49,46,4,0
Freelancer,1,77,18,3,0
Client,0,116,14,5,0
Freelancer,1,119,27,0,1
Freelancer,1,74,23,0,0
Client,0,8,7,1,0
Freelancer,1,33,42,3,0
Client,0,75,8,0,1
Freelancer,1,98,46,2,0
Freelancer,1,34,32,3,0
Freelancer,1,0,32,2,0
Freelancer,1,39,18,2,0
Client,0,63,2,0,0
Freelancer,1,21,9,3,0
Freelancer,1,59,39,5,0
Client,0,63,46,4,0
Client,0,92,41,0,0
Client,0,71,0,0,1
Client,0,10,28,5,0
Client,0,104,49,3,0
Client,0,100,33,3,0
Freelancer,1,13,12,2,0
Client,0,59,0,5,0
Freelancer,1,29,33,5,0
Client,0,34,28,3,0
Freelancer,1,84,47,2,0
Freelancer,1,36,46,0,0
Freelancer,1,4,12,1,0
Client,0,82,47,4,0
Client,0,77,48,0,0
Client,0,25,28,3,0
Client,0,61,38,4,0
Freelancer,1,3,23,1,0
Client,0,88,25,1,0
Freelancer,1,108,16,2,0
Freelancer,1,41,6,4,0
Client,0,88,12,2,0
Client,0,17,4,0,0
Client,0,39,25,5,0
Freelancer,1,71,48,5,0
Client,0,38,2,5,0
Freelancer,1,103,6,4,0
Client,0,13,48,5,0
Freelancer,1,31,38,0,0
Client,0,50,0,2,0
Client,0,37,48,4,0
Freelancer,1,96,16,2,0
Client,0,22,42,4,0
Client,0,62,24,2,0
Client,0,14,2,1,0
Client,0,96,14,2,0
Client,0,24,28,5,0
Client,0,16,42,1,0
Client,0,96,31,2,0
Freelancer,1,110,25,4,0
Freelancer,1,118,15,4,0
Client,0,65,24,4,0
Client,0,77,27,3,0
Client,0,52,8,0,0
Freelancer,1,103,0,4,1
Freelancer,1,103,28,1,0
Client,0,50,21,4,0
Freelancer,1,38,15,3,0
Client,0,50,40,5,0
Client,0,69,43,1,0
Client,0,5,40,3,0
Client,0,66,6,5,0
Freelancer,1,6,13,1,0
Freelancer,1,50,28,2,0
Client,0,71,18,0,1
Freelancer,1,41,18,0,0
Freelancer,1,63,1,3,0
Client,0,115,40,5,0
Freelancer,1,14,44,0,0
Client,0,110,14,5,0
Client,0,28,2,5,0
Client,0,32,10,3,0
Client,0,115,45,3,0
Freelancer,1,93,29,3,0
Client,0,102,39,0,1
Freelancer,1,26,17,3,0
Client,0,35,47,0,0
Client,0,28,1,3,0
Freelancer,1,37,31,4,0
Client,0,56,7,5,0
Freelancer,1,96,21,3,0
Freelancer,1,100,5,1,0
Client,0,26,11,5,0
Client,0,54,46,5,0
Client,0,32,39,3,0
Client,0,67,35,2,0
Client,0,85,14,3,0
Client,0,65,27,5,0
Freelancer,1,9,48,1,0
Freelancer,1,4,44,5,0
Client,0,73,17,1,0
Freelancer,1,96,1,0,1
Freelancer,1,117,12,4,0
Client,0,37,44,5,0
Client,0,12,14,3,0
Freelancer,1,30,19,0,1
Client,0,46,28,4,0
Freelancer,1,99,41,3,0
Client,0,108,28,2,0
Freelancer,1,87,2,3,0
Freelancer,1,51,18,1,0
Freelancer,1,55,2,1,0
Freelancer,1,14,13,2,0
Client,0,28,39,0,0
Client,0,7,3,4,0
Freelancer,1,4,10,3,0
Freelancer,1,28,30,1,0
Client,0,46,42,0,0
Client,0,67,31,2,0
Freelancer,1,75,26,5,0
Freelancer,1,44,29,1,0
Freelancer,1,1,42,2,0
Freelancer,1,26,1,3,0
Freelancer,1,94,48,4,0
Client,0,114,8,1,0
Freelancer,1,114,27,1,0
Client,0,35,30,3,0
Client,0,35,33,5,0
Client,0,25,14,0,0
Freelancer,1,42,47,4,0
Client,0,26,24,1,0
Client,0,68,35,4,0
Client,0,19,7,1,0
Client,0,10,8,4,0
Freelancer,1,73,36,2,0
Freelancer,1,103,47,1,0
Client,0,37,44,4,0
Client,0,5,38,0,0
Freelancer,1,71,31,2,0
Freelancer,1,22,16,2,0
Freelancer,1,46,34,0,0
Client,0,89,36,4,0
Freelancer,1,45,18,3,0
Client,0,106,43,0,0
Client,0,11,28,4,0
Freelancer,1,89,6,0,0
Client,0,12,27,0,0
Freelancer,1,103,8,1,0
Client,0,61,27,4,0
Freelancer,1,81,5,3,0
Client,0,88,28,1,0
Client,0,96,16,0,1
Freelancer,1,110,15,5,0
Freelancer,1,103,22,0,1
Freelancer,1,59,30,0,0
Freelancer,1,42,2,4,0
Client,0,75,20,4,0
Freelancer,1,107,25,1,0
Freelancer,1,99,35,3,0
Client,0,111,41,1,0
Freelancer,1,67,36,2,0
Freelancer,1,4,21,0,0
Client,0,119,41,5,0
Freelancer,1,36,11,0,1
Freelancer,1,71,41,0,0
Freelancer,1,105,12,1,0
Freelancer,1,112,10,5,0
Freelancer,1,91,15,5,0
Freelancer,1,30,7,5,0
Client,0,8,39,1,0
Freelancer,1,117,39,0,0
Client,0,50,44,1,0
Client,0,28,1,4,0
Client,0,77,29,4,0
Client,0,39,29,1,0
Freelancer,1,40,11,5,0
Freelancer,1,85,9,0,1
Freelancer,1,10,43,1,0
Client,0,22,10,1,0
Freelancer,1,0,14,1,0
Freelancer,1,45,15,2,0
Freelancer,1,100,16,4,0
Client,0,20,25,5,0
Client,0,89,1,3,0
Freelancer,1,109,49,5,0
Client,0,35,11,3,0
Client,0,53,25,2,0
Freelancer,1,86,22,1,0
Client,0,56,17,2,0
Client,0,0,31,2,0
Freelancer,1,62,48,0,1
Client,0,53,37,4,0
Client,0,54,46,3,0
Client,0,114,2,1,0
Client,0,39,37,3,0
Client,0,14,2,5,0
Client,0,20,29,3,0
Client,0,46,0,5,0
Client,0,72,29,4,0
Freelancer,1,52,44,5,0
Freelancer,1,8,31,3,0
Freelancer,1,73,27,3,0
Freelancer,1,51,20,5,0
Client,0,56,45,2,0
Freelancer,1,116,12,4,0
Freelancer,1,25,26,0,0
Client,0,40,35,1,0
Client,0,34,6,3,0
Client,0,62,21,1,0
Client,0,115,9,0,1
Client,0,24,38,1,0
Freelancer,1,89,14,0,0
Client,0,74,14,5,0
Freelancer,1,37,3,2,0
Freelancer,1,1,31,3,0
Client,0,6,22,0,0
Freelancer,1,81,5,1,0
Freelancer,1,90,23,3,0
Client,0,33,19,2,0
Freelancer,1,90,36,5,0
Freelancer,1,16,19,3,0
Freelancer,1,42,11,0,1
Client,0,58,32,2,0
Client,0,107,27,1,0
Client,0,50,7,2,0
Freelancer,1,53,0,2,1
Client,0,23,36,4,0
Freelancer,1,24,21,2,0
Client,0,70,5,2,0
Freelancer,1,51,20,3,0
Client,0,69,31,1,0
Client,0,116,34,3,0
Freelancer,1,87,14,3,0
Client,0,32,4,0,1
Freelancer,1,48,45,3,0
Client,0,28,49,4,0
Client,0,62,47,4,0
Freelancer,1,106,5,0,1
Freelancer,1,21,24,5,0
Freelancer,1,25,45,1,0
Client,0,27,39,1,0
Freelancer,1,113,28,3,0
Client,0,84,6,3,0
Freelancer,1,48,39,5,0
Freelancer,1,70,12,3,0
Freelancer,1,80,37,1,0
Freelancer,1,83,17,2,0
Freelancer,1,104,1,4,0
Freelancer,1,48,7,2,0
Client,0,19,10,2,0
Freelancer,1,117,32,1,0
Client,0,85,37,2,0
Freelancer,1,91,47,5,0
Freelancer,1,62,26,0,1
Freelancer,1,60,19,3,0
Client,0,103,11,0,1
Client,0,48,42,4,0
Freelancer,1,70,30,3,0
Client,0,0,26,2,0
Freelancer,1,95,31,4,0
Freelancer,1,12,9,3,0
Client,0,93,2,5,0
Client,0,86,44,5,0
Client,0,50,26,5,0
Client,0,55,34,5,0
Freelancer,1,82,30,2,0
Client,0,61,14,0,1
Client,0,31,15,3,0
Freelancer,1,29,12,2,0
Client,0,28,48,5,0
Client,0,48,34,0,0
Client,0,44,10,4,0
Client,0,92,20,4,0
Freelancer,1,29,10,4,0
Freelancer,1,15,29,5,0
Client,0,39,47,4,0
Client,0,18,34,1,0
Freelancer,1,17,21,3,0
Client,0,0,37,3,0
Client,0,77,30,5,0
Client,0,114,13,1,0
Client,0,46,23,2,0
Client,0,113,49,2,0
Client,0,65,48,4,0
Client,0,117,31,0,1
Client,0,91,35,2,0
Client,0,112,31,0,0
Freelancer,1,113,14,3,0
Freelancer,1,93,42,0,1
Freelancer,1,37,34,3,0
Client,0,50,2,1,0
Client,0,62,15,1,1
Freelancer,1,3,4,5,0
Client,0,0,20,5,0
Freelancer,1,7,9,4,0
Client,0,28,18,2,0
Freelancer,1,54,24,4,0
Freelancer,1,102,3,3,0
Freelancer,1,2,28,4,0
Client,0,31,18,0,1
Freelancer,1,9,42,3,0
Client,0,73,1,5,0
Client,0,82,9,1,0
Client,0,109,42,5,0
Client,0,33,24,2,0
Client,0,96,19,3,0
Client,0,86,47,3,0
Client,0,54,18,0,0
Freelancer,1,91,22,2,0
Freelancer,1,31,23,1,0
Freelancer,1,49,10,3,0
Client,0,6,45,3,0
Client,0,92,33,0,1
Client,0,7,27,4,0
Client,0,64,4,1,0
Freelancer,1,56,4,5,0
Client,0,118,20,2,0
Freelancer,1,66,11,3,0
Client,0,87,49,3,0
Freelancer,1,86,3,5,0
Client,0,58,48,1,0
Freelancer,1,71,41,4,0
Client,0,53,19,3,0
Freelancer,1,110,37,1,0
Client,0,100,24,5,0
Freelancer,1,66,13,0,1
Freelancer,1,50,10,4,0
Client,0,96,31,2,0
Freelancer,1,91,10,3,0
Client,0,110,17,1,0
Client,0,7,26,0,0
Client,0,33,17,2,0
Freelancer,1,34,22,1,0
Freelancer,1,95,10,1,0
Client,0,87,20,2,0
Client,0,77,43,0,0
Freelancer,1,31,4,5,0
Freelancer,1,119,22,0,1
Freelancer,1,45,40,4,0
Client,0,106,24,3,0
Client,0,15,40,2,0
Client,0,67,9,5,0
Client,0,115,21,2,0
Client,0,36,18,2,0
Freelancer,1,53,0,0,1
Client,0,84,6,3,0
Freelancer,1,13,3,4,0
Freelancer,1,94,0,1,1
Client,0,54,14,1,0
Freelancer,1,47,39,2,0
Client,0,81,11,3,1
Freelancer,1,6,21,5,0
Client,0,73,21,0,0
Client,0,6,49,3,0
Freelancer,1,32,46,3,0
Client,0,22,16,0,0
Freelancer,1,84,28,2,0
Client,0,18,45,3,0
Client,0,111,13,1,0
Client,0,18,49,0,0
Freelancer,1,35,19,5,0
Freelancer,1,28,49,4,0
Client,0,59,47,2,0
Freelancer,1,81,32,0,0
Client,0,1,42,4,0
Freelancer,1,0,14,4,0
Freelancer,1,46,11,5,0
Client,0,68,39,3,0
Client,0,19,19,5,0
Client,0,10,29,3,0
Client,0,105,37,3,0
Client,0,1,2,0,0
Freelancer,1,66,27,0,1
Freelancer,1,86,25,2,0
Client,0,118,29,3,0
Client,0,11,12,4,0
Client,0,19,12,1,0
Freelancer,1,4,1,2,0
Client,0,36,36,0,0
Client,0,37,48,5,0
Freelancer,1,93,37,2,0
Freelancer,1,8,1,2,0
Freelancer,1,97,35,2,0
Freelancer,1,52,25,2,0
Client,0,43,10,1,0
Freelancer,1,98,7,5,0
Freelancer,1,115,43,5,0
Client,0,85,39,5,0
Client,0,107,42,3,0
Client,0,23,21,4,0
Freelancer,1,80,19,5,1
Client,0,73,7,2,0
Freelancer,1,29,28,2,0
Freelancer,1,119,39,5,0
Freelancer,1,58,25,5,0
Client,0,109,29,2,0
Freelancer,1,86,16,3,0
Client,0,95,19,0,0
Client,0,80,15,0,1
Client,0,113,45,5,0
Freelancer,1,114,42,1,0
Freelancer,1,80,6,5,1
Freelancer,1,13,15,5,0
Client,0,8,44,0,0
Freelancer,1,39,46,2,0
Freelancer,1,65,47,5,0
Freelancer,1,108,26,2,0
Freelancer,1,24,22,2,0
Freelancer,1,102,23,1,0
Client,0,72,8,2,0
Client,0,117,34,0,0
Client,0,21,19,3,0
Client,0,106,36,3,0
Freelancer,1,109,41,4,0
Client,0,3,16,5,0
Freelancer,1,25,46,0,0
Client,0,57,30,2,0
Client,0,28,7,3,0
Client,0,108,14,0,1
Freelancer,1,97,30,3,0
Freelancer,1,86,29,2,0
Client,0,36,45,3,0
Freelancer,1,74,19,5,1
Client,0,69,38,5,0
Client,0,17,11,4,0
Client,0,84,48,4,0
Freelancer,1,41,16,3,0
Client,0,99,41,0,1
Client,0,40,29,5,0
Client,0,37,28,0,0
Freelancer,1,33,18,0,1
Client,0,16,45,3,0
Freelancer,1,36,10,0,0
Client,0,24,33,5,0
Freelancer,1,101,49,2,0
Client,0,75,6,4,0
Client,0,86,43,2,0
Freelancer,1,116,33,0,0
Freelancer,1,105,19,2,0
Client,0,85,49,5,0
Freelancer,1,84,37,5,0
Client,0,26,23,0,0
Client,0,56,9,3,0
Client,0,30,31,2,0
Freelancer,1,5,14,3,0
Client,0,90,36,3,0
Freelancer,1,39,19,1,0
Client,0,97,2,0,0
Freelancer,1,11,36,4,0
Freelancer,1,108,39,5,0
Client,0,52,7,5,0
Freelancer,1,70,39,0,0
Client,0,9,43,4,0
Client,0,44,22,5,0
Client,0,16,39,0,0
Client,0,25,10,5,0
Client,0,84,45,3,0
Freelancer,1,91,7,2,0
Client,0,61,28,2,0
Freelancer,1,45,29,5,0
Freelancer,1,63,9,1,0
Client,0,1,38,4,0
Freelancer,1,53,27,4,0
Client,0,106,48,4,0
Freelancer,1,64,35,3,0
Freelancer,1,50,12,4,0
Freelancer,1,52,31,2,0
Client,0,35,35,3,0
Freelancer,1,114,36,0,1
Client,0,25,25,4,0
Freelancer,1,28,21,4,0
Freelancer,1,20,3,0,1
Freelancer,1,10,30,4,0
Freelancer,1,39,17,0,0
Client,0,10,37,3,0
Client,0,35,23,2,0
Freelancer,1,112,22,0,1
Freelancer,1,58,21,1,0
Client,0,38,1,0,1
Client,0,103,30,4,0
Client,0,98,10,3,0
Client,0,53,27,5,0
Freelancer,1,97,45,3,0
Freelancer,1,54,31,5,0
Client,0,110,4,0,1
Client,0,23,37,2,0
Client,0,117,9,1,0
Client,0,21,39,3,0
Client,0,68,45,4,0
Client,0,55,23,5,0
Freelancer,1,32,34,4,0
Freelancer,1,35,43,2,0
Freelancer,1,110,47,5,0
Client,0,19,22,3,0
Client,0,82,16,0,1
Client,0,98,0,4,0
Freelancer,1,115,30,2,0
Client,0,106,30,3,0
Client,0,80,41,3,0
Freelancer,1,61,41,3,0
Client,0,108,33,3,0
Freelancer,1,106,8,5,0
Freelancer,1,97,21,3,0
Client,0,72,12,4,1
Freelancer,1,25,24,2,0
Client,0,65,47,5,0
Freelancer,1,116,17,3,0
Client,0,72,11,1,0
Freelancer,1,72,39,1,0
Client,0,39,16,2,0
Freelancer,1,16,14,0,0
Freelancer,1,0,41,0,0
Freelancer,1,88,14,5,0
Client,0,60,14,5,0
Client,0,42,38,5,0
Freelancer,1,103,12,0,1
Client,0,41,16,1,0
Freelancer,1,24,31,0,0
Client,0,38,8,4,0
Freelancer,1,34,39,3,0
Client,0,2,19,5,0
Freelancer,1,113,25,1,0
Freelancer,1,100,26,2,0
Freelancer,1,107,20,2,0
Freelancer,1,43,17,3,0
Client,0,50,12,1,0
Freelancer,1,93,15,0,1
Client,0,101,8,0,0
Client,0,97,11,4,1
Freelancer,1,11,43,4,0
Client,0,18,37,0,0
Client,0,100,18,2,0
Client,0,43,6,5,0
Freelancer,1,58,34,2,0
Client,0,48,47,4,0
Client,0,60,17,3,0
Freelancer,1,16,15,0,0
Freelancer,1,73,38,4,0
Client,0,56,3,4,0
Freelancer,1,54,24,5,0
Client,0,112,31,0,0
Client,0,46,39,5,0
Client,0,11,12,0,0
Freelancer,1,61,44,5,0
Client,0,79,16,2,0
Freelancer,1,87,48,3,0
Freelancer,1,82,36,3,0
Client,0,7,5,0,0
Freelancer,1,94,18,1,0
Freelancer,1,20,12,4,0
Freelancer,1,80,25,4,0
Freelancer,1,86,13,0,0
Freelancer,1,100,30,5,0
Client,0,117,3,1,0
Freelancer,1,79,38,2,0
Client,0,69,7,5,1
Client,0,71,24,5,0
Client,0,24,12,0,0
Client,0,81,31,0,0
Client,0,88,37,4,0
Client,0,11,37,0,0
Freelancer,1,14,27,0,0
Freelancer,1,58,29,0,0
Freelancer,1,25,2,4,0
Client,0,104,27,2,0
Freelancer,1,108,2,2,0
Freelancer,1,25,44,0,0
Freelancer,1,46,33,4,0
Client,0,31,15,2,0
Freelancer,1,9,21,5,0
Client,0,15,31,2,0
Freelancer,1,70,37,2,0
Client,0,16,7,4,0
Client,0,22,7,5,0
Client,0,25,5,4,0
Freelancer,1,84,13,0,1
Freelancer,1,85,31,3,0
Client,0,6,34,2,0
Freelancer,1,13,9,3,0
Client,0,78,2,4,0
Client,0,116,11,4,0
Freelancer,1,6,48,4,0
Freelancer,1,8,30,3,0
Freelancer,1,114,28,4,0
Client,0,47,4,0,0
Client,0,71,24,4,0
Freelancer,1,113,40,1,0
Client,0,58,30,3,0
Freelancer,1,86,20,1,0
Client,0,92,19,4,1
Freelancer,1,81,38,0,1
Freelancer,1,94,21,2,0
Client,0,93,3,5,0
Freelancer,1,115,12,5,0
Freelancer,1,38,44,4,0
Client,0,98,41,0,1
Freelancer,1,17,49,3,0
Client,0,58,48,1,0
Freelancer,1,105,19,1,0
Client,0,102,12,1,0
Freelancer,1,16,16,3,0
Freelancer,1,13,35,5,0
Freelancer,1,30,32,0,0
Freelancer,1,23,0,3,0
Client,0,98,14,1,1
Client,0,107,12,4,0
Client,0,59,16,2,0
Client,0,44,23,3,0
Client,0,97,7,3,0
Client,0,2,49,0,0
Client,0,36,26,0,0
Freelancer,1,42,44,3,0
Freelancer,1,39,22,1,0
Freelancer,1,89,45,2,0
Freelancer,1,54,7,0,0
Client,0,86,7,1,0
Client,0,107,25,4,0
Client,0,38,46,0,0
Freelancer,1,14,12,1,0
Client,0,119,38,1,0
Freelancer,1,112,36,2,0
Client,0,3,48,2,0
Client,0,92,27,4,0
Client,0,85,24,1,0
Client,0,24,15,5,0
Freelancer,1,12,1,1,0
Freelancer,1,81,17,2,0
Client,0,32,16,5,0
Freelancer,1,15,29,0,0
Client,0,108,38,0,0
Client,0,41,12,3,0
Client,0,107,31,2,0
Client,0,65,49,3,0
Freelancer,1,54,28,5,0
Client,0,98,45,2,0
Client,0,41,29,4,0
Freelancer,1,33,17,1,0
Client,0,29,12,4,0
Freelancer,1,118,42,5,0
Client,0,12,20,2,0
Client,0,12,29,5,0
Client,0,17,20,1,0
Client,0,31,47,0,1
Client,0,95,16,0,0
Client,0,98,39,5,0
Freelancer,1,38,18,3,0
Client,0,45,14,2,0
Freelancer,1,115,8,2,1
Freelancer,1,28,9,0,0
Client,0,61,43,4,0
Freelancer,1,112,30,1,0
Client,0,92,22,4,0
Freelancer,1,61,29,4,0
Client,0,116,32,5,0
Freelancer,1,107,8,0,1
Freelancer,1,56,46,0,0
Client,0,15,0,0,1
Freelancer,1,55,43,5,0
Client,0,107,34,3,0
Client,0,110,10,4,0
Client,0,9,33,5,0
Client,0,29,15,2,0
Client,0,24,8,1,0
Freelancer,1,102,31,3,0
Freelancer,1,83,14,2,0
Freelancer,1,4,11,4,0
Client,0,64,32,0,0
Freelancer,1,93,44,4,0
Freelancer,1,48,13,5,0
Freelancer,1,2,7,1,0
Freelancer,1,44,7,5,0
Freelancer,1,13,26,3,0
